{
  "libero_robot": {
    "observation.state": {
      "min": [
        -0.1765444278717041,
        -0.29457300901412964,
        0.008128180168569088,
        2.2890501022338867,
        -1.883241891860962,
        -1.0600427389144897,
        0.0006495157140307128,
        -0.041782498359680176
      ],
      "max": [
        0.14580604434013367,
        0.33216384053230286,
        0.3857804834842682,
        3.4003844261169434,
        0.7954911589622498,
        0.6642207503318787,
        0.04104341194033623,
        -0.00018117300351150334
      ]
    },
    "action": {
      "min": [
        -0.8839285969734192,
        -0.9375,
        -0.9375,
        -0.15000000596046448,
        -0.29035714268684387,
        -0.32892856001853943,
        0.0
      ],
      "max": [
        0.9375,
        0.8919642567634583,
        0.9375,
        0.17678570747375488,
        0.35035714507102966,
        0.1810714304447174,
        1.0
      ]
    }
  }
}