{
  "arena_l0": {
    "observation.state": {
      "min": [
        -0.4332416355609894,
        -0.40463557839393616,
        0.009174116887152195,
        1.9685314893722534,
        -2.5674140453338623,
        -2.5762643814086914,
        0.0006945243803784251,
        -0.04207785055041313
      ],
      "max": [
        0.17569759488105774,
        0.34935349225997925,
        1.3653161525726318,
        4.718069076538086,
        2.2964704036712646,
        0.5074720978736877,
        0.042131390422582626,
        0.0016858483431860805
      ]
    },
    "action": {
      "min": [
        -1.0,
        -1.0,
        -1.0,
        0.0,
        -0.675000011920929,
        -0.675000011920929,
        -1.0
      ],
      "max": [
        1.0,
        1.0,
        1.0,
        0.675000011920929,
        0.675000011920929,
        0.8999999761581421,
        1.0
      ]
    }
  }
}