{
  "libero_robot": {
    "observation.state": {
      "min": [
        -0.46141114830970764,
        -0.30129560828208923,
        0.9083037972450256,
        0.35277295112609863,
        -1.4858465194702148,
        -1.5227035284042358,
        -0.0013586411951109767,
        -0.042040832340717316
      ],
      "max": [
        0.13579000532627106,
        0.33316105604171753,
        1.3660105466842651,
        3.473310708999634,
        2.6688623428344727,
        0.8255361318588257,
        0.04233968257904053,
        0.0010111660230904818
      ]
    },
    "action": {
      "min": [
        -0.9375,
        -0.9375,
        -0.9375,
        -0.2582142949104309,
        -0.375,
        -0.2871428430080414,
        0.0
      ],
      "max": [
        0.9375,
        0.9375,
        0.9375,
        0.3557142913341522,
        0.375,
        0.375,
        1.0
      ]
    }
  }
}