{
  "libero_robot": {
    "observation.state": {
      "min": [
        -0.3095473051071167,
        -0.29250794649124146,
        0.9095591306686401,
        2.497488260269165,
        -1.8006486892700195,
        -0.7207611203193665,
        -0.0004703797458205372,
        -0.041536275297403336
      ],
      "max": [
        0.1759040206670761,
        0.3904820382595062,
        1.3290715217590332,
        3.4566118717193604,
        1.2268599271774292,
        1.0429412126541138,
        0.041053611785173416,
        0.000775813648942858
      ]
    },
    "action": {
      "min": [
        -0.9375,
        -0.9375,
        -0.9375,
        -0.1875,
        -0.3675000071525574,
        -0.36000001430511475,
        0.0
      ],
      "max": [
        0.9375,
        0.9375,
        0.9375,
        0.1971428543329239,
        0.33642858266830444,
        0.375,
        1.0
      ]
    }
  }
}