{
  "libero_robot": {
    "observation.state": {
      "min": [
        -0.4828203022480011,
        -0.3255046010017395,
        0.445506751537323,
        1.1321442127227783,
        -3.641430377960205,
        -1.842738389968872,
        -0.0010040868073701859,
        -0.04111652821302414
      ],
      "max": [
        0.21031762659549713,
        0.39128610491752625,
        1.3332009315490723,
        3.6714255809783936,
        3.560650587081909,
        1.386339545249939,
        0.04160946607589722,
        0.0013633022317662835
      ]
    },
    "action": {
      "min": [
        -0.9375,
        -0.9375,
        -0.9375,
        -0.23642857372760773,
        -0.3053571283817291,
        -0.3675000071525574,
        0.0
      ],
      "max": [
        0.9375,
        0.9375,
        0.9375,
        0.30000001192092896,
        0.29357144236564636,
        0.375,
        1.0
      ]
    }
  }
}